<?xml version="1.0" encoding="utf-8"?>
<!DOCTYPE hibernate-configuration SYSTEM 
"http://www.hibernate.org/dtd/hibernate-configuration-3.0.dtd">

<hibernate-configuration>
   	<session-factory>
	   	<property name="hibernate.dialect">org.hibernate.dialect.MySQLDialect</property>
	   	<property name="hibernate.connection.driver_class">com.mysql.jdbc.Driver</property>
	
	   	<!-- Assume test is the database name -->
	   	<property name="hibernate.connection.url">jdbc:mysql://localhost/clasified_production?autoReconnect=true&amp;useUnicode=true&amp;createDatabaseIfNotExist=true&amp;characterEncoding=utf-8</property>
	   
	   	<property name="hibernate.connection.username">root</property>
	   	<!-- <property name="hibernate.connection.password">root</property> -->
	   	<!-- <property name="hibernate.connection.password">sxihifdueccn</property>-->
		<property name="hibernate.connection.password">root123</property>
	
		<property name="hibernate.connection.useUnicode">true</property>
		<property name="hibernate.connection.characterEncoding">UTF-8</property>
		<property name="hibernate.connection.charSet">UTF-8</property>
	
	   	<property name="hbm2ddl.auto">update</property>
	   	<property name="hibernate.show_sql">true</property>
	   	<property name="hibernate.format_sql">true</property>
	   
	   	<property name="connection.pool_size">2</property>
	   
	   	<property name="hibernate.cache.use_second_level_cache">true</property>
		<property name="hibernate.cache.region.provider_class">net.sf.ehcache.hibernate.EhCacheProvider</property>

		<property name="hibernate.c3p0.min_size">5</property>
		<property name="hibernate.c3p0.max_size">20</property>
		<property name="hibernate.c3p0.timeout">3000</property>
		<property name="hibernate.c3p0.max_statements">50</property>
		<property name="hibernate.c3p0.idle_test_period">300</property>
	</session-factory>
</hibernate-configuration>
